{"cameraMode":{"drawMode":0,"name":"Shaded","section":"Shading Mode"},"sceneLighting":false,"audioPlay":false,"sceneViewState":{"showFog":true,"showMaterialUpdate":false,"showSkybox":true,"showFlares":true,"showImageEffects":true,"showParticleSystems":true},"in2DMode":false,"pivot":{"x":8.35477066040039,"y":-0.24529412388801576,"z":39.1542854309082},"rotation":{"x":0.1036236360669136,"y":-0.000004458662715478567,"z":-8.947733363129373e-7,"w":0.9946203231811523},"size":61.92513656616211,"orthographic":false}