{"cameraMode":{"drawMode":0,"name":"Shaded","section":"Shading Mode"},"sceneLighting":true,"audioPlay":false,"sceneViewState":{"showFog":true,"showMaterialUpdate":false,"showSkybox":true,"showFlares":true,"showImageEffects":true,"showParticleSystems":true},"in2DMode":false,"pivot":{"x":-3.6524696350097658,"y":13.792372703552246,"z":-51.15019607543945},"rotation":{"x":0.08718220889568329,"y":-0.019429557025432588,"z":0.0016992563614621759,"w":0.9960047602653503},"size":2.750778913497925,"orthographic":false}