{"cameraMode":{"drawMode":0,"name":"Shaded","section":"Shading Mode"},"sceneLighting":true,"audioPlay":false,"sceneViewState":{"showFog":true,"showMaterialUpdate":false,"showSkybox":true,"showFlares":true,"showImageEffects":true,"showParticleSystems":true},"in2DMode":false,"pivot":{"x":0.09718883037567139,"y":1.7221827507019044,"z":0.4802253246307373},"rotation":{"x":0.5251412391662598,"y":0.006382517050951719,"z":-0.003938603680580854,"w":0.8509828448295593},"size":7.741904258728027,"orthographic":false}